season,season_start,home_team,away_team,match_date,kickoff_time,logged_at_utc,source,model_version,code_commit,elo_home,elo_away,elo_data_until,lam,mu,p_home,p_draw,p_away,top_scores,b365_home,b365_draw,b365_away,market_home,market_draw,market_away
2026-27,2026,Arsenal,Coventry,2026-08-21,,2026-09-30T04:44:09+00:00,reconstruido,ced0b252cafe,local,2127.800000,1762.600000,2026-09-20,2.679335,0.610908,0.810541,0.128202,0.061257,2-0:0.1337|3-0:0.1194|1-0:0.0998|2-1:0.0817|4-0:0.0800,,,,0.809400,0.127600,0.063000
2026-27,2026,Brentford,Tottenham,2026-08-22,,2026-09-30T04:44:09+00:00,reconstruido,ced0b252cafe,local,1902.100000,1825.200000,2026-09-20,1.671155,0.996054,0.531938,0.243034,0.225028,1-0:0.1161|1-1:0.1156|2-0:0.0970|2-1:0.0966|0-0:0.0694,,,,0.399000,0.254400,0.346600
2026-27,2026,Everton,Crystal Palace,2026-08-22,,2026-09-30T04:44:09+00:00,reconstruido,ced0b252cafe,local,1860.200000,1866.100000,2026-09-20,1.459277,1.146194,0.443097,0.259762,0.297141,1-1:0.1236|1-0:0.1078|2-1:0.0901|0-1:0.0847|2-0:0.0787,,,,0.445700,0.268600,0.285700
2026-27,2026,Hull,Man United,2026-08-22,,2026-09-30T04:44:09+00:00,reconstruido,ced0b252cafe,local,1607.300000,1965.900000,2026-09-20,0.819092,2.084445,0.136477,0.196848,0.666675,0-2:0.1191|0-1:0.1143|1-2:0.0976|1-1:0.0936|0-3:0.0828,,,,0.103100,0.184200,0.712700
2026-27,2026,Ipswich,Sunderland,2026-08-22,,2026-09-30T04:44:09+00:00,reconstruido,ced0b252cafe,local,1728.500000,1761.000000,2026-09-20,1.397083,1.199075,0.415043,0.262599,0.322358,1-1:0.1249|1-0:0.1042|0-1:0.0894|2-1:0.0872|1-2:0.0749,,,,0.352200,0.285800,0.362000
2026-27,2026,Nott'm Forest,Leeds,2026-08-22,,2026-09-30T04:44:09+00:00,reconstruido,ced0b252cafe,local,1886.300000,1857.600000,2026-09-20,1.544336,1.080882,0.480060,0.254169,0.265771,1-1:0.1209|1-0:0.1118|2-1:0.0934|2-0:0.0864|0-1:0.0783,,,,0.416600,0.277700,0.305800
2026-27,2026,Brighton,Aston Villa,2026-08-23,,2026-09-30T04:44:09+00:00,reconstruido,ced0b252cafe,local,1912.800000,1952.200000,2026-09-20,1.381388,1.213187,0.407834,0.263121,0.329044,1-1:0.1252|1-0:0.1032|0-1:0.0906|2-1:0.0864|1-2:0.0759,,,,0.437700,0.253900,0.308400
2026-27,2026,Man City,Bournemouth,2026-08-23,,2026-09-30T04:44:09+00:00,reconstruido,ced0b252cafe,local,2114.400000,1931.400000,2026-09-20,1.988220,0.832051,0.644050,0.207263,0.148687,1-0:0.1185|2-0:0.1178|1-1:0.0986|2-1:0.0980|3-0:0.0781,,,,0.651800,0.204700,0.143500
2026-27,2026,Newcastle,Liverpool,2026-08-23,,2026-09-30T04:44:09+00:00,reconstruido,ced0b252cafe,local,1910.100000,2022.800000,2026-09-20,1.225158,1.373747,0.333659,0.263111,0.403230,1-1:0.1251|0-1:0.1021|1-0:0.0911|1-2:0.0860|2-1:0.0767,,,,0.237800,0.250800,0.511400
2026-27,2026,Fulham,Chelsea,2026-08-24,,2026-09-30T04:44:09+00:00,reconstruido,ced0b252cafe,local,1874.100000,1918.300000,2026-09-20,1.370574,1.223102,0.402839,0.263432,0.333729,1-1:0.1253|1-0:0.1024|0-1:0.0914|2-1:0.0859|1-2:0.0766,,,,0.256600,0.242300,0.501100
2026-27,2026,Crystal Palace,Man City,2026-08-28,,2026-09-30T04:44:09+00:00,reconstruido,ced0b252cafe,local,1856.600000,2117.400000,2026-09-20,0.961342,1.765913,0.203551,0.233441,0.563008,0-1:0.1155|1-1:0.1110|0-2:0.1020|1-2:0.0980|0-0:0.0654,,,,0.183700,0.239300,0.577100
2026-27,2026,Bournemouth,Everton,2026-08-29,,2026-09-30T04:44:09+00:00,reconstruido,ced0b252cafe,local,1928.400000,1869.700000,2026-09-20,1.622089,1.027273,0.512338,0.247673,0.239989,1-1:0.1178|1-0:0.1147|2-1:0.0955|2-0:0.0930|0-1:0.0726,,,,0.469000,0.269400,0.261600
2026-27,2026,Coventry,Hull,2026-08-29,,2026-09-30T04:44:09+00:00,reconstruido,ced0b252cafe,local,1760.200000,1626.400000,2026-09-20,1.834334,0.904443,0.592766,0.225503,0.181731,1-0:0.1186|2-0:0.1088|1-1:0.1073|2-1:0.0984|3-0:0.0665,,,,0.507400,0.269800,0.222800
2026-27,2026,Liverpool,Nott'm Forest,2026-08-29,,2026-09-30T04:44:09+00:00,reconstruido,ced0b252cafe,local,2022.200000,1876.900000,2026-09-20,1.869201,0.886977,0.604897,0.221465,0.173638,1-0:0.1188|2-0:0.1110|1-1:0.1053|2-1:0.0984|3-0:0.0692,,,,0.641000,0.203200,0.155800
2026-27,2026,Tottenham,Newcastle,2026-08-29,,2026-09-30T04:44:09+00:00,reconstruido,ced0b252cafe,local,1815.800000,1910.700000,2026-09-20,1.261391,1.332903,0.351208,0.264051,0.384741,1-1:0.1256|0-1:0.0996|1-0:0.0942|1-2:0.0837|2-1:0.0792,,,,0.424500,0.249200,0.326300
2026-27,2026,Chelsea,Brighton,2026-08-30,,2026-09-30T04:44:09+00:00,reconstruido,ced0b252cafe,local,1926.200000,1930.500000,2026-09-20,1.463105,1.143088,0.444796,0.259550,0.295654,1-1:0.1235|1-0:0.1080|2-1:0.0903|0-1:0.0844|2-0:0.0790,,,,0.528700,0.235600,0.235600
2026-27,2026,Leeds,Brentford,2026-08-30,,2026-09-30T04:44:09+00:00,reconstruido,ced0b252cafe,local,1867.000000,1911.500000,2026-09-20,1.369901,1.223724,0.402527,0.263450,0.334023,1-1:0.1253|1-0:0.1024|0-1:0.0915|2-1:0.0858|1-2:0.0767,,,,0.364800,0.284400,0.350800
2026-27,2026,Man United,Ipswich,2026-08-30,,2026-09-30T04:44:09+00:00,reconstruido,ced0b252cafe,local,1946.800000,1735.500000,2026-09-20,2.082518,0.793066,0.672660,0.195790,0.131550,2-0:0.1223|1-0:0.1174|2-1:0.0970|1-1:0.0931|3-0:0.0849,,,,0.684400,0.186000,0.129600
2026-27,2026,Sunderland,Fulham,2026-08-30,,2026-09-30T04:44:09+00:00,reconstruido,ced0b252cafe,local,1754.100000,1866.300000,2026-09-20,1.226161,1.372583,0.334148,0.263145,0.402707,1-1:0.1252|0-1:0.1021|1-0:0.0912|1-2:0.0859|2-1:0.0767,,,,0.398600,0.295700,0.305700
2026-27,2026,Aston Villa,Arsenal,2026-08-31,,2026-09-30T04:44:09+00:00,reconstruido,ced0b252cafe,local,1934.600000,2130.200000,2026-09-20,1.069650,1.581085,0.256968,0.251039,0.491993,1-1:0.1194|0-1:0.1116|1-2:0.0944|0-2:0.0882|1-0:0.0755,,,,0.148300,0.224100,0.627600
2026-27,2026,Ipswich,Liverpool,2026-09-04,,2026-09-30T04:44:09+00:00,reconstruido,ced0b252cafe,local,1730.300000,2020.200000,2026-09-20,0.916611,1.855235,0.181909,0.223644,0.594447,0-1:0.1160|0-2:0.1076|1-1:0.1064|1-2:0.0987|0-3:0.0666,,,,0.170700,0.190300,0.639000
2026-27,2026,Brentford,Sunderland,2026-09-05,,2026-09-30T04:44:09+00:00,reconstruido,ced0b252cafe,local,1911.700000,1762.700000,2026-09-20,1.880560,0.881430,0.608783,0.220135,0.171082,1-0:0.1188|2-0:0.1117|1-1:0.1047|2-1:0.0985|3-0:0.0700,,,,0.595200,0.239100,0.165700
2026-27,2026,Brighton,Leeds,2026-09-05,,2026-09-30T04:44:09+00:00,reconstruido,ced0b252cafe,local,1924.200000,1866.800000,2026-09-20,1.618640,1.029540,0.510937,0.247985,0.241078,1-1:0.1180|1-0:0.1146|2-1:0.0955|2-0:0.0927|0-1:0.0729,,,,0.492300,0.268300,0.239400
2026-27,2026,Fulham,Crystal Palace,2026-09-05,,2026-09-30T04:44:09+00:00,reconstruido,ced0b252cafe,local,1857.700000,1849.400000,2026-09-20,1.493603,1.118925,0.458216,0.257721,0.284063,1-1:0.1226|1-0:0.1096|2-1:0.0915|0-1:0.0821|2-0:0.0818,,,,0.417000,0.291500,0.291500
2026-27,2026,Hull,Aston Villa,2026-09-05,,2026-09-30T04:44:09+00:00,reconstruido,ced0b252cafe,local,1637.600000,1929.900000,2026-09-20,0.913016,1.862800,0.180187,0.222789,0.597023,0-1:0.1161|0-2:0.1081|1-1:0.1060|1-2:0.0987|0-3:0.0671,,,,0.220900,0.260000,0.519100
2026-27,2026,Man City,Coventry,2026-09-05,,2026-09-30T04:44:09+00:00,reconstruido,ced0b252cafe,local,2124.600000,1748.900000,2026-09-20,2.725798,0.600127,0.818599,0.123636,0.057765,2-0:0.1335|3-0:0.1213|1-0:0.0980|4-0:0.0827|2-1:0.0801,,,,0.822200,0.109300,0.068600
2026-27,2026,Newcastle,Bournemouth,2026-09-05,,2026-09-30T04:44:09+00:00,reconstruido,ced0b252cafe,local,1920.800000,1927.200000,2026-09-20,1.458082,1.147166,0.442566,0.259827,0.297607,1-1:0.1236|1-0:0.1077|2-1:0.0901|0-1:0.0848|2-0:0.0785,,,,0.455500,0.259800,0.284700
2026-27,2026,Nott'm Forest,Tottenham,2026-09-05,,2026-09-30T04:44:09+00:00,reconstruido,ced0b252cafe,local,1878.900000,1805.700000,2026-09-20,1.661061,1.002323,0.527955,0.244018,0.228027,1-1:0.1161|1-0:0.1158|2-1:0.0964|2-0:0.0962|0-1:0.0699,,,,0.397200,0.276400,0.326400
2026-27,2026,Arsenal,Chelsea,2026-09-06,,2026-09-30T04:44:09+00:00,reconstruido,ced0b252cafe,local,2134.900000,1932.500000,2026-09-20,2.052390,0.805125,0.663745,0.199462,0.136793,2-0:0.1209|1-0:0.1178|2-1:0.0974|1-1:0.0949|3-0:0.0827,,,,0.576800,0.249100,0.174100
2026-27,2026,Everton,Man United,2026-09-06,,2026-09-30T04:44:09+00:00,reconstruido,ced0b252cafe,local,1870.900000,1952.000000,2026-09-20,1.290217,1.302075,0.365035,0.264366,0.370598,1-1:0.1257|0-1:0.0975|1-0:0.0966|1-2:0.0819|2-1:0.0811,,,,0.282200,0.265200,0.452600
2026-27,2026,Aston Villa,Nott'm Forest,2026-09-12,,2026-09-30T04:44:09+00:00,reconstruido,ced0b252cafe,local,1927.700000,1877.500000,2026-09-20,1.599670,1.042186,0.503183,0.249662,0.247155,1-1:0.1187|1-0:0.1139|2-1:0.0950|2-0:0.0911|0-1:0.0742,,,,0.434300,0.276100,0.289500
2026-27,2026,Bournemouth,Brentford,2026-09-12,,2026-09-30T04:44:09+00:00,reconstruido,ced0b252cafe,local,1927.800000,1909.600000,2026-09-20,1.518012,1.100298,0.468801,0.256088,0.275111,1-1:0.1218|1-0:0.1107|2-1:0.0925|2-0:0.0840|0-1:0.0802,,,,0.383300,0.262600,0.354100
2026-27,2026,Chelsea,Hull,2026-09-12,,2026-09-30T04:44:09+00:00,reconstruido,ced0b252cafe,local,1929.800000,1639.800000,2026-09-20,2.368930,0.693991,0.747449,0.161610,0.090941,2-0:0.1312|1-0:0.1108|3-0:0.1036|2-1:0.0910|1-1:0.0769,,,,0.791000,0.135200,0.073800
2026-27,2026,Crystal Palace,Ipswich,2026-09-12,,2026-09-30T04:44:09+00:00,reconstruido,ced0b252cafe,local,1858.400000,1725.500000,2026-09-20,1.831633,0.905824,0.591814,0.225812,0.182374,1-0:0.1186|2-0:0.1086|1-1:0.1074|2-1:0.0984|3-0:0.0663,,,,0.517800,0.244400,0.237800
2026-27,2026,Liverpool,Fulham,2026-09-12,,2026-09-30T04:44:09+00:00,reconstruido,ced0b252cafe,local,2024.900000,1848.700000,2026-09-20,1.966206,0.841700,0.637067,0.209925,0.153008,1-0:0.1186|2-0:0.1166|1-1:0.0998|2-1:0.0982|3-0:0.0764,,,,0.677400,0.180900,0.141700
2026-27,2026,Sunderland,Arsenal,2026-09-12,,2026-09-30T04:44:09+00:00,reconstruido,ced0b252cafe,local,1764.800000,2137.700000,2026-09-20,0.800136,2.135605,0.128032,0.190771,0.681197,0-2:0.1211|0-1:0.1134|1-2:0.0969|1-1:0.0907|0-3:0.0862,,,,0.118600,0.227500,0.653800
2026-27,2026,Tottenham,Everton,2026-09-12,,2026-09-30T04:44:09+00:00,reconstruido,ced0b252cafe,local,1807.100000,1871.200000,2026-09-20,1.326635,1.265077,0.382311,0.264257,0.353432,1-1:0.1257|1-0:0.0994|0-1:0.0947|2-1:0.0834|1-2:0.0795,,,,0.479500,0.260300,0.260300
2026-27,2026,Coventry,Brighton,2026-09-13,,2026-09-30T04:44:09+00:00,reconstruido,ced0b252cafe,local,1747.800000,1923.000000,2026-09-20,1.105983,1.527328,0.274994,0.255146,0.469860,1-1:0.1214|0-1:0.1097|1-2:0.0927|0-2:0.0838|1-0:0.0795,,,,0.248800,0.242200,0.509000
2026-27,2026,Man United,Man City,2026-09-13,,2026-09-30T04:44:09+00:00,reconstruido,ced0b252cafe,local,1951.800000,2125.700000,2026-09-20,1.108339,1.523965,0.276162,0.255383,0.468454,1-1:0.1215|0-1:0.1096|1-2:0.0926|0-2:0.0835|1-0:0.0797,,,,0.292500,0.248500,0.459000
2026-27,2026,Leeds,Newcastle,2026-09-14,,2026-09-30T04:44:09+00:00,reconstruido,ced0b252cafe,local,1868.000000,1920.200000,2026-09-20,1.352738,1.239806,0.394550,0.263854,0.341596,1-1:0.1255|1-0:0.1012|0-1:0.0928|2-1:0.0849|1-2:0.0778,,,,0.401600,0.268900,0.329600
2026-27,2026,Brentford,Chelsea,2026-09-18,,2026-09-30T04:44:09+00:00,reconstruido,ced0b252cafe,local,1910.500000,1926.900000,2026-09-20,1.434403,1.166783,0.431977,0.261037,0.306986,1-1:0.1242|1-0:0.1064|2-1:0.0890|0-1:0.0866|2-0:0.0763,,,,0.370400,0.243400,0.386200
2026-27,2026,Brighton,Arsenal,2026-09-19,,2026-09-30T04:44:09+00:00,reconstruido,ced0b252cafe,local,1938.200000,2140.800000,2026-09-20,1.057460,1.599964,0.250921,0.249468,0.499611,1-1:0.1187|0-1:0.1122|1-2:0.0949|0-2:0.0898|1-0:0.0742,,,,0.183700,0.239300,0.577100
2026-27,2026,Everton,Ipswich,2026-09-19,,2026-09-30T04:44:09+00:00,reconstruido,ced0b252cafe,local,1871.100000,1736.800000,2026-09-20,1.835836,0.903677,0.593295,0.225330,0.181375,1-0:0.1186|2-0:0.1089|1-1:0.1072|2-1:0.0984|3-0:0.0666,,,,0.549500,0.245400,0.205100
2026-27,2026,Newcastle,Hull,2026-09-19,,2026-09-30T04:44:09+00:00,reconstruido,ced0b252cafe,local,1905.600000,1642.700000,2026-09-20,2.266112,0.726625,0.722594,0.173629,0.103777,2-0:0.1288|1-0:0.1136|3-0:0.0973|2-1:0.0936|1-1:0.0826,,,,0.602600,0.213900,0.183400
2026-27,2026,Nott'm Forest,Coventry,2026-09-19,,2026-09-30T04:44:09+00:00,reconstruido,ced0b252cafe,local,1887.300000,1732.500000,2026-09-20,1.898504,0.872804,0.614858,0.218020,0.167122,1-0:0.1188|2-0:0.1128|1-1:0.1037|2-1:0.0984|3-0:0.0714,,,,0.612500,0.231200,0.156400
2026-27,2026,Tottenham,Aston Villa,2026-09-19,,2026-09-30T04:44:09+00:00,reconstruido,ced0b252cafe,local,1807.100000,1917.900000,2026-09-20,1.228975,1.369328,0.335516,0.263240,0.401244,1-1:0.1252|0-1:0.1019|1-0:0.0914|1-2:0.0857|2-1:0.0769,,,,0.479300,0.268000,0.252700
2026-27,2026,Bournemouth,Liverpool,2026-09-20,,2026-09-30T04:44:09+00:00,reconstruido,ced0b252cafe,local,1926.900000,2022.700000,2026-09-20,1.259533,1.334939,0.350313,0.264018,0.385669,1-1:0.1256|0-1:0.0997|1-0:0.0941|1-2:0.0838|2-1:0.0791,,,,0.295700,0.247000,0.457300
2026-27,2026,Fulham,Man United,2026-09-20,,2026-09-30T04:44:09+00:00,reconstruido,ced0b252cafe,local,1850.900000,1946.700000,2026-09-20,1.259533,1.334939,0.350313,0.264018,0.385669,1-1:0.1256|0-1:0.0997|1-0:0.0941|1-2:0.0838|2-1:0.0791,,,,0.270200,0.247900,0.481900
2026-27,2026,Leeds,Crystal Palace,2026-09-20,,2026-09-30T04:44:09+00:00,reconstruido,ced0b252cafe,local,1882.700000,1847.100000,2026-09-20,1.561882,1.068309,0.487473,0.252807,0.259721,1-1:0.1202|1-0:0.1126|2-1:0.0939|2-0:0.0879|0-1:0.0770,,,,0.560500,0.242400,0.197100
2026-27,2026,Man City,Sunderland,2026-09-20,,2026-09-30T04:44:09+00:00,reconstruido,ced0b252cafe,local,2130.800000,1761.600000,2026-09-20,2.696941,0.606778,0.813634,0.126458,0.059909,2-0:0.1337|3-0:0.1202|1-0:0.0991|2-1:0.0811|4-0:0.0810,,,,0.742300,0.163500,0.094200
2026-27,2026,Arsenal,Leeds,2026-10-10,12:30,2026-10-09T12:19:22+00:00,vivo,02dfa76b769d,896cbfe998ca,2046.299905,1849.021041,2026-09-20,2.242163,0.733622,0.716742,0.176415,0.106843,2-0:0.1282|1-0:0.1144|3-0:0.0958|2-1:0.0941|1-1:0.0839,1.400000,5.000000,7.500000,0.694168,0.185788,0.120044
2026-27,2026,Aston Villa,Brentford,2026-10-10,15:00,2026-10-09T12:19:22+00:00,vivo,02dfa76b769d,896cbfe998ca,1848.343905,1884.498594,2026-09-20,1.358709,1.228457,0.398557,0.264007,0.337437,1-1:0.1256|1-0:0.1022|0-1:0.0924|2-1:0.0853|1-2:0.0771,2.630000,3.500000,2.600000,0.362998,0.269671,0.367331
2026-27,2026,Chelsea,Bournemouth,2026-10-10,15:00,2026-10-09T12:19:22+00:00,vivo,02dfa76b769d,896cbfe998ca,1938.286431,1867.882544,2026-09-20,1.707773,0.970865,0.546927,0.239331,0.213742,1-0:0.1173|1-1:0.1138|2-0:0.1001|2-1:0.0972|0-0:0.0687,1.650000,4.330000,4.500000,0.582675,0.212956,0.204369
2026-27,2026,Ipswich,Fulham,2026-10-10,15:00,2026-10-09T12:19:22+00:00,vivo,02dfa76b769d,896cbfe998ca,1765.654914,1814.457693,2026-09-20,1.322329,1.263254,0.381555,0.264634,0.353811,1-1:0.1259|1-0:0.0996|0-1:0.0952|2-1:0.0832|1-2:0.0795,2.800000,3.400000,2.500000,0.339967,0.277747,0.382286
2026-27,2026,Man United,Tottenham,2026-10-10,17:30,2026-10-09T12:19:22+00:00,vivo,02dfa76b769d,896cbfe998ca,1935.427223,1867.167590,2026-09-20,1.699934,0.975474,0.543918,0.240138,0.215944,1-0:0.1171|1-1:0.1142|2-0:0.0995|2-1:0.0971|0-0:0.0689,1.700000,4.200000,4.500000,0.569219,0.223226,0.207555
2026-27,2026,Sunderland,Brighton,2026-10-10,15:00,2026-10-09T12:19:22+00:00,vivo,02dfa76b769d,896cbfe998ca,1795.483375,1880.385750,2026-09-20,1.223764,1.368088,0.334383,0.263576,0.402041,1-1:0.1254|0-1:0.1024|1-0:0.0916|1-2:0.0858|2-1:0.0767,3.100000,3.500000,2.250000,0.305362,0.268984,0.425654
2026-27,2026,Crystal Palace,Nott'm Forest,2026-10-11,14:00,2026-10-09T12:19:22+00:00,vivo,02dfa76b769d,896cbfe998ca,1809.791506,1836.594218,2026-09-20,1.386251,1.203345,0.411260,0.263212,0.325529,1-1:0.1252|1-0:0.1040|0-1:0.0903|2-1:0.0868|1-2:0.0753,2.700000,3.200000,2.700000,0.352369,0.295262,0.352369
2026-27,2026,Hull,Everton,2026-10-11,14:00,2026-10-09T12:19:22+00:00,vivo,02dfa76b769d,896cbfe998ca,1682.515897,1838.157273,2026-09-20,1.051417,1.599411,0.249499,0.249588,0.500913,1-1:0.1187|0-1:0.1129|1-2:0.0949|0-2:0.0903|1-0:0.0742,3.700000,3.400000,2.050000,0.253907,0.277438,0.468656
2026-27,2026,Liverpool,Man City,2026-10-11,16:30,2026-10-09T12:19:22+00:00,vivo,02dfa76b769d,896cbfe998ca,1972.686250,2035.993259,2026-09-20,1.281808,1.304373,0.362343,0.264717,0.372940,1-1:0.1259|0-1:0.0982|1-0:0.0965|1-2:0.0821|2-1:0.0807,2.700000,3.600000,2.450000,0.351339,0.260047,0.388614
2026-27,2026,Coventry,Newcastle,2026-10-12,20:00,2026-10-09T12:19:22+00:00,vivo,02dfa76b769d,896cbfe998ca,1730.187383,1856.807619,2026-09-20,1.118975,1.500119,0.282953,0.257165,0.459882,1-1:0.1223|0-1:0.1093|1-2:0.0917|0-2:0.0820|1-0:0.0815,3.300000,3.700000,2.100000,0.287095,0.254745,0.458160
