season,season_start,home_team,away_team,match_date,logged_at_utc,source,model_version,code_commit,elo_home,elo_away,sot_f_hl4_home,sot_a_hl4_home,sh_f_hl4_home,sh_a_hl4_home,sot_f_hl4_away,sot_a_hl4_away,sh_f_hl4_away,sh_a_hl4_away,lam,mu,p_home,p_draw,p_away
2026-27,2026,Arsenal,Coventry,2026-08-21,2026-09-30T11:37:12+00:00,reconstruido,ec5a7a4752bc,d3028d0b1b33,2127.847969,1762.569118,4.958016,2.472544,14.534447,8.841140,5.304539,2.771625,15.220632,10.415216,2.373445,0.747958,0.735774,0.164792,0.099434
2026-27,2026,Brentford,Tottenham,2026-08-22,2026-09-30T11:37:12+00:00,reconstruido,ec5a7a4752bc,d3028d0b1b33,1902.098588,1825.207629,3.349892,5.440986,11.139444,16.211258,4.341295,3.513452,13.350190,10.664112,1.432627,1.226324,0.418344,0.258863,0.322793
2026-27,2026,Everton,Crystal Palace,2026-08-22,2026-09-30T11:37:12+00:00,reconstruido,ec5a7a4752bc,d3028d0b1b33,1860.186953,1866.116930,4.572040,4.781867,11.057103,15.443324,3.700232,4.719831,11.478020,13.162328,1.399218,1.200032,0.415393,0.262400,0.322207
2026-27,2026,Hull,Man United,2026-08-22,2026-09-30T11:37:12+00:00,reconstruido,ec5a7a4752bc,d3028d0b1b33,1607.262478,1965.893933,4.085033,4.490548,11.764908,13.574969,5.673604,3.689203,15.367198,12.963850,0.927237,2.094667,0.156938,0.200467,0.642595
2026-27,2026,Ipswich,Sunderland,2026-08-22,2026-09-30T11:37:12+00:00,reconstruido,ec5a7a4752bc,d3028d0b1b33,1728.548283,1761.038142,5.425667,4.297851,14.402746,12.152388,3.367735,4.003207,12.458346,13.010193,1.539741,1.193084,0.453085,0.251962,0.294953
2026-27,2026,Nott'm Forest,Leeds,2026-08-22,2026-09-30T11:37:12+00:00,reconstruido,ec5a7a4752bc,d3028d0b1b33,1886.266915,1857.609283,4.619839,4.738032,12.454678,16.110358,3.865001,5.248690,12.456350,14.068764,1.560221,1.232645,0.449375,0.249339,0.301286
2026-27,2026,Brighton,Aston Villa,2026-08-23,2026-09-30T11:37:12+00:00,reconstruido,ec5a7a4752bc,d3028d0b1b33,1912.832493,1952.249681,5.098786,3.716634,13.727301,9.935852,5.032618,4.748494,13.053725,13.586399,1.520062,1.146154,0.458745,0.254780,0.286475
2026-27,2026,Man City,Bournemouth,2026-08-23,2026-09-30T11:37:12+00:00,reconstruido,ec5a7a4752bc,d3028d0b1b33,2114.426519,1931.401596,5.496789,3.185708,17.894394,9.521550,4.172514,3.582062,13.872246,12.785500,2.187651,0.921002,0.662294,0.191509,0.146197
2026-27,2026,Newcastle,Liverpool,2026-08-23,2026-09-30T11:37:12+00:00,reconstruido,ec5a7a4752bc,d3028d0b1b33,1910.134633,2022.767309,4.597323,5.333518,12.451402,15.122530,5.149217,4.785787,15.521158,12.346048,1.311640,1.618957,0.310415,0.243092,0.446493
2026-27,2026,Fulham,Chelsea,2026-08-24,2026-09-30T11:37:12+00:00,reconstruido,ec5a7a4752bc,d3028d0b1b33,1874.121203,1918.333712,3.758180,3.793839,14.483691,11.526170,3.166298,4.195793,12.211624,11.383785,1.450103,1.171298,0.435053,0.259639,0.305309
2026-27,2026,Crystal Palace,Man City,2026-08-28,2026-09-30T11:37:12+00:00,reconstruido,ec5a7a4752bc,d3028d0b1b33,1856.584754,2117.404463,3.747926,4.764407,11.401965,13.613812,5.576852,3.315265,17.115678,8.802155,0.988215,1.959947,0.184884,0.215144,0.599972
2026-27,2026,Bournemouth,Everton,2026-08-29,2026-09-30T11:37:12+00:00,reconstruido,ec5a7a4752bc,d3028d0b1b33,1928.423653,1869.719129,4.145067,3.966764,12.460640,12.819628,4.640130,4.657469,11.843536,14.736375,1.599143,1.067905,0.496925,0.249419,0.253655
2026-27,2026,Coventry,Hull,2026-08-29,2026-09-30T11:37:12+00:00,reconstruido,ec5a7a4752bc,d3028d0b1b33,1760.174194,1626.352659,4.619672,3.285271,13.435389,11.940189,4.071504,4.571604,11.165898,14.756318,1.814072,0.919088,0.584541,0.227896,0.187563
2026-27,2026,Liverpool,Nott'm Forest,2026-08-29,2026-09-30T11:37:12+00:00,reconstruido,ec5a7a4752bc,d3028d0b1b33,2022.197204,1876.905721,5.443684,4.660766,17.347483,12.450094,4.203013,4.461505,12.382337,15.297282,2.084762,1.004649,0.622217,0.204096,0.173687
2026-27,2026,Tottenham,Newcastle,2026-08-29,2026-09-30T11:37:12+00:00,reconstruido,ec5a7a4752bc,d3028d0b1b33,1815.807451,1910.704739,4.286994,4.227277,12.658060,13.104107,4.502287,5.598661,12.538686,17.012278,1.448497,1.342779,0.397566,0.252859,0.349575
2026-27,2026,Chelsea,Brighton,2026-08-30,2026-09-30T11:37:12+00:00,reconstruido,ec5a7a4752bc,d3028d0b1b33,1926.161351,1930.505271,3.617150,4.482849,13.132576,11.800034,5.242172,3.125304,14.884414,9.309644,1.380231,1.264805,0.396439,0.260772,0.342789
2026-27,2026,Leeds,Brentford,2026-08-30,2026-09-30T11:37:12+00:00,reconstruido,ec5a7a4752bc,d3028d0b1b33,1866.970477,1911.498766,3.727376,4.731812,12.224639,13.739616,4.089741,5.211720,13.503811,15.063921,1.489540,1.338643,0.408763,0.250546,0.340691
2026-27,2026,Man United,Ipswich,2026-08-30,2026-09-30T11:37:12+00:00,reconstruido,ec5a7a4752bc,d3028d0b1b33,1946.803752,1735.468540,5.566431,3.738652,16.263397,12.174084,5.039734,4.250462,13.702253,11.969039,2.072972,0.934286,0.636536,0.202788,0.160677
2026-27,2026,Sunderland,Fulham,2026-08-30,2026-09-30T11:37:12+00:00,reconstruido,ec5a7a4752bc,d3028d0b1b33,1754.117885,1866.293563,3.468331,3.843593,12.226318,12.531260,4.114861,4.144847,14.406734,12.556179,1.303834,1.439145,0.341481,0.255155,0.403364
2026-27,2026,Aston Villa,Arsenal,2026-08-31,2026-09-30T11:37:12+00:00,reconstruido,ec5a7a4752bc,d3028d0b1b33,1934.576903,2130.242894,4.231910,4.947613,11.931452,14.765929,5.123800,2.238257,15.404036,8.070897,1.009792,1.757305,0.216068,0.234752,0.549180
2026-27,2026,Ipswich,Liverpool,2026-09-04,2026-09-30T11:37:12+00:00,reconstruido,ec5a7a4752bc,d3028d0b1b33,1730.252582,2020.212390,5.033413,5.324338,12.954108,15.315140,5.213988,4.396532,16.655783,12.378483,1.085046,2.120927,0.185873,0.203302,0.610825
2026-27,2026,Brentford,Sunderland,2026-09-05,2026-09-30T11:37:12+00:00,reconstruido,ec5a7a4752bc,d3028d0b1b33,1911.659183,1762.748458,4.234566,4.700724,14.855585,14.576440,3.552921,3.232064,12.190310,12.287631,1.773687,1.043974,0.544784,0.233440,0.221776
2026-27,2026,Brighton,Leeds,2026-09-05,2026-09-30T11:37:12+00:00,reconstruido,ec5a7a4752bc,d3028d0b1b33,1924.183903,1866.810059,5.362746,3.582679,14.902804,10.533207,3.452545,4.774481,12.188898,15.053873,1.848443,1.013444,0.569298,0.226145,0.204557
2026-27,2026,Fulham,Crystal Palace,2026-09-05,2026-09-30T11:37:12+00:00,reconstruido,ec5a7a4752bc,d3028d0b1b33,1857.662991,1849.421819,3.460172,4.121801,13.864710,12.467689,3.310721,5.438305,11.019804,14.311670,1.591513,1.084602,0.491074,0.249885,0.259040
2026-27,2026,Hull,Aston Villa,2026-09-05,2026-09-30T11:37:12+00:00,reconstruido,ec5a7a4752bc,d3028d0b1b33,1637.640947,1929.876350,3.741920,4.321556,10.343985,14.158674,3.558598,4.478637,11.146840,13.530342,0.967542,1.615784,0.226112,0.248584,0.525303
2026-27,2026,Man City,Coventry,2026-09-05,2026-09-30T11:37:12+00:00,reconstruido,ec5a7a4752bc,d3028d0b1b33,2124.567398,1748.885906,6.121487,2.946898,17.256377,8.833633,4.361976,3.080780,13.047910,10.995084,2.596214,0.678403,0.785167,0.140235,0.074598
2026-27,2026,Newcastle,Bournemouth,2026-09-05,2026-09-30T11:37:12+00:00,reconstruido,ec5a7a4752bc,d3028d0b1b33,1920.809316,1927.195840,4.104164,5.662516,12.293876,17.010324,4.281090,4.449363,13.182868,12.848326,1.413921,1.383750,0.380397,0.252894,0.366709
2026-27,2026,Nott'm Forest,Tottenham,2026-09-05,2026-09-30T11:37:12+00:00,reconstruido,ec5a7a4752bc,d3028d0b1b33,1878.890535,1805.702874,4.011610,4.388078,12.321506,14.931776,4.559539,3.872910,13.348878,12.769336,1.550355,1.188740,0.456735,0.251249,0.292016
2026-27,2026,Arsenal,Chelsea,2026-09-06,2026-09-30T11:37:12+00:00,reconstruido,ec5a7a4752bc,d3028d0b1b33,2134.943447,1932.482719,4.626792,1.882143,14.066924,7.900514,3.996270,4.724233,13.747897,12.309160,2.115250,0.813695,0.673999,0.193490,0.132510
2026-27,2026,Everton,Man United,2026-09-06,2026-09-30T11:37:12+00:00,reconstruido,ec5a7a4752bc,d3028d0b1b33,1870.946942,1952.019710,5.015594,4.711967,12.027534,15.096526,6.430932,3.939337,18.926251,11.669076,1.356547,1.792125,0.291625,0.230626,0.477748
2026-27,2026,Aston Villa,Nott'm Forest,2026-09-12,2026-09-30T11:37:12+00:00,reconstruido,ec5a7a4752bc,d3028d0b1b33,1927.682295,1877.525116,3.151516,4.402485,11.441685,13.127756,3.691555,3.689919,12.270353,14.306216,1.534162,1.129778,0.466092,0.254012,0.279896
2026-27,2026,Bournemouth,Brentford,2026-09-12,2026-09-30T11:37:12+00:00,reconstruido,ec5a7a4752bc,d3028d0b1b33,1927.763634,1909.646405,4.395471,4.059661,13.790188,12.076940,3.879039,4.748340,14.401252,14.484726,1.710205,1.226386,0.487342,0.238177,0.274481
2026-27,2026,Chelsea,Hull,2026-09-12,2026-09-30T11:37:12+00:00,reconstruido,ec5a7a4752bc,d3028d0b1b33,1929.762834,1639.835002,4.155967,5.404523,13.628904,12.896386,3.782982,3.793085,10.448359,13.974325,2.110003,0.786878,0.679511,0.192673,0.127816
2026-27,2026,Crystal Palace,Ipswich,2026-09-12,2026-09-30T11:37:12+00:00,reconstruido,ec5a7a4752bc,d3028d0b1b33,1858.363799,1725.536100,3.579491,5.527673,10.857549,16.012222,5.028096,5.590942,13.120513,14.469482,1.691969,1.128657,0.505383,0.240642,0.253974
2026-27,2026,Liverpool,Fulham,2026-09-12,2026-09-30T11:37:12+00:00,reconstruido,ec5a7a4752bc,d3028d0b1b33,2024.928872,1848.721011,5.498149,4.492546,15.596824,12.636472,3.864268,4.261526,15.636375,12.075071,2.120178,1.077026,0.612526,0.203142,0.184332
2026-27,2026,Sunderland,Arsenal,2026-09-12,2026-09-30T11:37:12+00:00,reconstruido,ec5a7a4752bc,d3028d0b1b33,1764.761236,2137.663332,3.783157,3.036038,12.478238,12.241868,5.322585,2.378205,14.374483,8.711860,0.818533,1.915515,0.153502,0.214404,0.632094
2026-27,2026,Tottenham,Everton,2026-09-12,2026-09-30T11:37:12+00:00,reconstruido,ec5a7a4752bc,d3028d0b1b33,1807.068293,1871.180561,3.834100,3.574923,12.975163,12.646932,5.172216,4.439587,12.977774,14.922065,1.390225,1.301539,0.391286,0.258342,0.350371
2026-27,2026,Coventry,Brighton,2026-09-13,2026-09-30T11:37:12+00:00,reconstruido,ec5a7a4752bc,d3028d0b1b33,1747.752788,1922.968929,4.145281,3.227031,12.881184,11.632280,5.305031,3.808180,15.713786,10.448372,1.177074,1.565026,0.286568,0.250377,0.463055
2026-27,2026,Man United,Man City,2026-09-13,2026-09-30T11:37:12+00:00,reconstruido,ec5a7a4752bc,d3028d0b1b33,1951.786091,2125.700515,5.885058,4.267196,18.142467,12.676348,5.783951,2.955346,16.897379,9.337414,1.299232,1.741113,0.286669,0.234922,0.478409
2026-27,2026,Leeds,Newcastle,2026-09-14,2026-09-30T11:37:12+00:00,reconstruido,ec5a7a4752bc,d3028d0b1b33,1868.025033,1920.241522,3.698750,4.810362,11.840637,15.840819,3.769384,5.557107,11.610705,17.008682,1.446028,1.335798,0.398397,0.253318,0.348284
2026-27,2026,Brentford,Chelsea,2026-09-18,2026-09-30T11:37:12+00:00,reconstruido,ec5a7a4752bc,d3028d0b1b33,1910.469465,1926.898314,3.580077,5.583898,13.382789,15.362226,4.608463,5.340162,13.369739,13.071975,1.473632,1.347624,0.402890,0.251143,0.345967
2026-27,2026,Brighton,Arsenal,2026-09-19,2026-09-30T11:37:12+00:00,reconstruido,ec5a7a4752bc,d3028d0b1b33,1938.234644,2140.842230,5.574707,4.156906,16.713945,11.013449,5.271261,2.477135,13.837591,9.235015,1.159444,1.506796,0.292169,0.255500,0.452331
2026-27,2026,Everton,Ipswich,2026-09-19,2026-09-30T11:37:12+00:00,reconstruido,ec5a7a4752bc,d3028d0b1b33,1871.129703,1736.808385,4.826609,4.051440,12.822207,14.775361,5.182730,5.337817,12.942235,13.917475,1.761797,1.058854,0.538445,0.234606,0.226948
2026-27,2026,Newcastle,Hull,2026-09-19,2026-09-30T11:37:12+00:00,reconstruido,ec5a7a4752bc,d3028d0b1b33,1905.551615,1642.699522,3.965179,5.627573,10.877125,16.689093,3.976614,4.303316,11.013438,13.660203,1.865625,0.907337,0.599056,0.222362,0.178582
2026-27,2026,Nott'm Forest,Coventry,2026-09-19,2026-09-30T11:37:12+00:00,reconstruido,ec5a7a4752bc,d3028d0b1b33,1887.314709,1732.487073,4.217941,3.898357,13.818375,13.143771,4.440373,3.827324,13.059191,13.281822,1.815044,1.018389,0.560501,0.229354,0.210145
2026-27,2026,Tottenham,Aston Villa,2026-09-19,2026-09-30T11:37:12+00:00,reconstruido,ec5a7a4752bc,d3028d0b1b33,1807.119151,1917.892702,3.542288,3.483451,13.138218,12.544003,3.445616,4.815759,10.734997,14.539361,1.320330,1.236580,0.386647,0.266223,0.347129
2026-27,2026,Bournemouth,Liverpool,2026-09-20,2026-09-30T11:37:12+00:00,reconstruido,ec5a7a4752bc,d3028d0b1b33,1926.940574,2022.715229,5.287172,3.731961,14.778191,11.428284,5.100685,4.414180,15.342764,12.217000,1.446674,1.407328,0.383854,0.249986,0.366160
2026-27,2026,Fulham,Man United,2026-09-20,2026-09-30T11:37:12+00:00,reconstruido,ec5a7a4752bc,d3028d0b1b33,1850.934655,1946.672294,3.885863,4.060813,14.739607,12.381334,5.426035,3.906477,17.801593,11.614117,1.427851,1.641173,0.334430,0.238430,0.427140
2026-27,2026,Leeds,Crystal Palace,2026-09-20,2026-09-30T11:37:12+00:00,reconstruido,ec5a7a4752bc,d3028d0b1b33,1882.714940,1847.091514,4.064887,4.840534,12.343303,14.434213,3.646396,5.602822,10.880214,15.373863,1.598544,1.102935,0.488523,0.248996,0.262481
2026-27,2026,Man City,Sunderland,2026-09-20,2026-09-30T11:37:12+00:00,reconstruido,ec5a7a4752bc,d3028d0b1b33,2130.814312,1761.582338,5.181911,2.962451,15.163567,10.397455,3.658554,3.348512,12.402149,12.044283,2.468397,0.696610,0.762477,0.152662,0.084862
2026-27,2026,Arsenal,Leeds,2026-10-10,2026-10-09T12:19:26+00:00,vivo,ec5a7a4752bc,896cbfe998ca,2119.987340,1881.714147,4.750791,2.878532,13.386120,10.470452,3.736356,4.706802,12.447786,14.046921,2.156562,0.809832,0.682837,0.189187,0.127976
2026-27,2026,Aston Villa,Brentford,2026-10-10,2026-10-09T12:19:26+00:00,vivo,ec5a7a4752bc,896cbfe998ca,1924.291727,1923.623653,3.852028,5.163279,11.413574,15.408169,3.965096,5.013687,13.321886,14.827284,1.511133,1.318827,0.418362,0.249955,0.331683
2026-27,2026,Chelsea,Bournemouth,2026-10-10,2026-10-09T12:19:26+00:00,vivo,ec5a7a4752bc,896cbfe998ca,1913.744125,1920.222928,4.193447,5.445144,13.151809,13.060523,4.764171,3.615504,13.858860,11.519246,1.442418,1.277678,0.409764,0.256065,0.334171
2026-27,2026,Ipswich,Fulham,2026-10-10,2026-10-09T12:19:26+00:00,vivo,ec5a7a4752bc,896cbfe998ca,1733.104703,1851.325437,4.994553,4.806758,12.951426,15.044330,4.222230,4.369344,14.303726,15.025423,1.375449,1.575695,0.333735,0.243948,0.422317
2026-27,2026,Man United,Tottenham,2026-10-10,2026-10-09T12:19:26+00:00,vivo,ec5a7a4752bc,896cbfe998ca,1946.281513,1800.720126,5.517355,4.239564,19.583299,11.675513,4.092422,3.883843,14.229952,12.934761,2.165670,1.058960,0.625840,0.198697,0.175463
2026-27,2026,Sunderland,Brighton,2026-10-10,2026-10-09T12:19:26+00:00,vivo,ec5a7a4752bc,896cbfe998ca,1759.823398,1959.089534,4.508397,3.770373,13.133683,12.673651,5.483269,3.813735,16.759458,11.011309,1.177446,1.749887,0.256612,0.235505,0.507883
2026-27,2026,Crystal Palace,Nott'm Forest,2026-10-11,2026-10-09T12:19:26+00:00,vivo,ec5a7a4752bc,896cbfe998ca,1848.092306,1875.699053,3.702655,5.029600,11.058376,14.996173,4.024162,3.755425,15.438308,12.643586,1.411838,1.473246,0.362080,0.248360,0.389560
2026-27,2026,Hull,Everton,2026-10-11,2026-10-09T12:19:26+00:00,vivo,ec5a7a4752bc,896cbfe998ca,1640.670275,1874.833384,3.980334,4.414161,12.761439,13.396059,4.376885,4.043256,14.123323,14.492895,1.158357,1.724023,0.256100,0.237740,0.506160
2026-27,2026,Liverpool,Man City,2026-10-11,2026-10-09T12:19:26+00:00,vivo,ec5a7a4752bc,896cbfe998ca,2029.432875,2132.573252,4.766458,4.030075,14.810918,11.705164,5.312072,3.923047,15.296647,11.447944,1.373321,1.442901,0.358368,0.251793,0.389839
2026-27,2026,Coventry,Newcastle,2026-10-12,2026-10-09T12:19:26+00:00,vivo,ec5a7a4752bc,896cbfe998ca,1744.102728,1907.580862,4.211205,3.695694,12.572463,14.987122,4.129823,5.368620,11.055778,17.534078,1.270314,1.445459,0.331710,0.256168,0.412122
