season,season_start,home_team,away_team,match_date,logged_at_utc,source,model_version,code_commit,elo_home,elo_away,lam,mu,p_home,p_draw,p_away
2026-27,2026,Arsenal,Coventry,2026-08-21,2026-10-02T11:37:28+00:00,reconstruido,ced0b252cafe,896cbfe998ca,2127.847969,1762.569118,2.679681,0.610826,0.810602,0.128168,0.061230
2026-27,2026,Brentford,Tottenham,2026-08-22,2026-10-02T11:37:28+00:00,reconstruido,ced0b252cafe,896cbfe998ca,1902.098588,1825.207629,1.671130,0.996070,0.531928,0.243037,0.225035
2026-27,2026,Everton,Crystal Palace,2026-08-22,2026-10-02T11:37:28+00:00,reconstruido,ced0b252cafe,896cbfe998ca,1860.186953,1866.116930,1.459205,1.146252,0.443065,0.259766,0.297169
2026-27,2026,Hull,Man United,2026-08-22,2026-10-02T11:37:28+00:00,reconstruido,ced0b252cafe,896cbfe998ca,1607.262478,1965.893933,0.819049,2.084556,0.136458,0.196835,0.666707
2026-27,2026,Ipswich,Sunderland,2026-08-22,2026-10-02T11:37:28+00:00,reconstruido,ced0b252cafe,896cbfe998ca,1728.548283,1761.038142,1.397107,1.199055,0.415053,0.262598,0.322348
2026-27,2026,Nott'm Forest,Leeds,2026-08-22,2026-10-02T11:37:28+00:00,reconstruido,ced0b252cafe,896cbfe998ca,1886.266915,1857.609283,1.544229,1.080959,0.480015,0.254177,0.265808
2026-27,2026,Brighton,Aston Villa,2026-08-23,2026-10-02T11:37:28+00:00,reconstruido,ced0b252cafe,896cbfe998ca,1912.832493,1952.249681,1.381349,1.213222,0.407816,0.263123,0.329061
2026-27,2026,Man City,Bournemouth,2026-08-23,2026-10-02T11:37:28+00:00,reconstruido,ced0b252cafe,896cbfe998ca,2114.426519,1931.401596,1.988302,0.832016,0.644075,0.207253,0.148671
2026-27,2026,Newcastle,Liverpool,2026-08-23,2026-10-02T11:37:28+00:00,reconstruido,ced0b252cafe,896cbfe998ca,1910.134633,2022.767309,1.225293,1.373590,0.333725,0.263115,0.403160
2026-27,2026,Fulham,Chelsea,2026-08-24,2026-10-02T11:37:28+00:00,reconstruido,ced0b252cafe,896cbfe998ca,1874.121203,1918.333712,1.370546,1.223127,0.402826,0.263433,0.333741
2026-27,2026,Crystal Palace,Man City,2026-08-28,2026-10-02T11:37:28+00:00,reconstruido,ced0b252cafe,896cbfe998ca,1856.584754,2117.404463,0.961311,1.765972,0.203536,0.233435,0.563029
2026-27,2026,Bournemouth,Everton,2026-08-29,2026-10-02T11:37:28+00:00,reconstruido,ced0b252cafe,896cbfe998ca,1928.423653,1869.719129,1.622101,1.027265,0.512343,0.247672,0.239985
2026-27,2026,Coventry,Hull,2026-08-29,2026-10-02T11:37:28+00:00,reconstruido,ced0b252cafe,896cbfe998ca,1760.174194,1626.352659,1.834398,0.904410,0.592789,0.225495,0.181716
2026-27,2026,Liverpool,Nott'm Forest,2026-08-29,2026-10-02T11:37:28+00:00,reconstruido,ced0b252cafe,896cbfe998ca,2022.197204,1876.905721,1.869175,0.886990,0.604888,0.221468,0.173644
2026-27,2026,Tottenham,Newcastle,2026-08-29,2026-10-02T11:37:28+00:00,reconstruido,ced0b252cafe,896cbfe998ca,1815.807451,1910.704739,1.261396,1.332897,0.351211,0.264051,0.384738
2026-27,2026,Chelsea,Brighton,2026-08-30,2026-10-02T11:37:28+00:00,reconstruido,ced0b252cafe,896cbfe998ca,1926.161351,1930.505271,1.462999,1.143173,0.444750,0.259556,0.295695
2026-27,2026,Leeds,Brentford,2026-08-30,2026-10-02T11:37:28+00:00,reconstruido,ced0b252cafe,896cbfe998ca,1866.970477,1911.498766,1.369837,1.223783,0.402498,0.263452,0.334050
2026-27,2026,Man United,Ipswich,2026-08-30,2026-10-02T11:37:28+00:00,reconstruido,ced0b252cafe,896cbfe998ca,1946.803752,1735.468540,2.082638,0.793019,0.672695,0.195776,0.131530
2026-27,2026,Sunderland,Fulham,2026-08-30,2026-10-02T11:37:28+00:00,reconstruido,ced0b252cafe,896cbfe998ca,1754.117885,1866.293563,1.226210,1.372526,0.334171,0.263147,0.402682
2026-27,2026,Aston Villa,Arsenal,2026-08-31,2026-10-02T11:37:28+00:00,reconstruido,ced0b252cafe,896cbfe998ca,1934.576903,2130.242894,1.069535,1.581262,0.256910,0.251025,0.492065
2026-27,2026,Ipswich,Liverpool,2026-09-04,2026-10-02T11:37:28+00:00,reconstruido,ced0b252cafe,896cbfe998ca,1730.252582,2020.212390,0.916521,1.855423,0.181866,0.223623,0.594511
2026-27,2026,Brentford,Sunderland,2026-09-05,2026-10-02T11:37:28+00:00,reconstruido,ced0b252cafe,896cbfe998ca,1911.659183,1762.748458,1.880285,0.881563,0.608689,0.220167,0.171144
2026-27,2026,Brighton,Leeds,2026-09-05,2026-10-02T11:37:28+00:00,reconstruido,ced0b252cafe,896cbfe998ca,1924.183903,1866.810059,1.618571,1.029585,0.510909,0.247991,0.241100
2026-27,2026,Fulham,Crystal Palace,2026-09-05,2026-10-02T11:37:28+00:00,reconstruido,ced0b252cafe,896cbfe998ca,1857.662991,1849.421819,1.493459,1.119036,0.458153,0.257730,0.284116
2026-27,2026,Hull,Aston Villa,2026-09-05,2026-10-02T11:37:28+00:00,reconstruido,ced0b252cafe,896cbfe998ca,1637.640947,1929.876350,0.913113,1.862596,0.180234,0.222812,0.596954
2026-27,2026,Man City,Coventry,2026-09-05,2026-10-02T11:37:28+00:00,reconstruido,ced0b252cafe,896cbfe998ca,2124.567398,1748.885906,2.725715,0.600146,0.818585,0.123644,0.057771
2026-27,2026,Newcastle,Bournemouth,2026-09-05,2026-10-02T11:37:28+00:00,reconstruido,ced0b252cafe,896cbfe998ca,1920.809316,1927.195840,1.458115,1.147139,0.442581,0.259825,0.297594
2026-27,2026,Nott'm Forest,Tottenham,2026-09-05,2026-10-02T11:37:28+00:00,reconstruido,ced0b252cafe,896cbfe998ca,1878.890535,1805.702874,1.661028,1.002344,0.527941,0.244022,0.228037
2026-27,2026,Arsenal,Chelsea,2026-09-06,2026-10-02T11:37:28+00:00,reconstruido,ced0b252cafe,896cbfe998ca,2134.943447,1932.482719,2.052594,0.805042,0.663806,0.199437,0.136756
2026-27,2026,Everton,Man United,2026-09-06,2026-10-02T11:37:28+00:00,reconstruido,ced0b252cafe,896cbfe998ca,1870.946942,1952.019710,1.290275,1.302015,0.365063,0.264367,0.370571
2026-27,2026,Aston Villa,Nott'm Forest,2026-09-12,2026-10-02T11:37:28+00:00,reconstruido,ced0b252cafe,896cbfe998ca,1927.682295,1877.525116,1.599558,1.042262,0.503137,0.249672,0.247191
2026-27,2026,Bournemouth,Brentford,2026-09-12,2026-10-02T11:37:28+00:00,reconstruido,ced0b252cafe,896cbfe998ca,1927.763634,1909.646405,1.517806,1.100453,0.468713,0.256102,0.275185
2026-27,2026,Chelsea,Hull,2026-09-12,2026-10-02T11:37:28+00:00,reconstruido,ced0b252cafe,896cbfe998ca,1929.762834,1639.835002,2.368650,0.694076,0.747385,0.161642,0.090973
2026-27,2026,Crystal Palace,Ipswich,2026-09-12,2026-10-02T11:37:28+00:00,reconstruido,ced0b252cafe,896cbfe998ca,1858.363799,1725.536100,1.831416,0.905935,0.591737,0.225837,0.182426
2026-27,2026,Liverpool,Fulham,2026-09-12,2026-10-02T11:37:28+00:00,reconstruido,ced0b252cafe,896cbfe998ca,2024.928872,1848.721011,1.966231,0.841689,0.637075,0.209921,0.153003
2026-27,2026,Sunderland,Arsenal,2026-09-12,2026-10-02T11:37:28+00:00,reconstruido,ced0b252cafe,896cbfe998ca,1764.761236,2137.663332,0.800133,2.135613,0.128031,0.190770,0.681199
2026-27,2026,Tottenham,Everton,2026-09-12,2026-10-02T11:37:28+00:00,reconstruido,ced0b252cafe,896cbfe998ca,1807.068293,1871.180561,1.326609,1.265104,0.382299,0.264257,0.353444
2026-27,2026,Coventry,Brighton,2026-09-13,2026-10-02T11:37:28+00:00,reconstruido,ced0b252cafe,896cbfe998ca,1747.752788,1922.968929,1.105953,1.527370,0.274979,0.255143,0.469878
2026-27,2026,Man United,Man City,2026-09-13,2026-10-02T11:37:28+00:00,reconstruido,ced0b252cafe,896cbfe998ca,1951.786091,2125.700515,1.108313,1.524003,0.276150,0.255381,0.468470
2026-27,2026,Leeds,Newcastle,2026-09-14,2026-10-02T11:37:28+00:00,reconstruido,ced0b252cafe,896cbfe998ca,1868.025033,1920.241522,1.352701,1.239841,0.394533,0.263854,0.341613
2026-27,2026,Brentford,Chelsea,2026-09-18,2026-10-02T11:37:28+00:00,reconstruido,ced0b252cafe,896cbfe998ca,1910.469465,1926.898314,1.434335,1.166841,0.431946,0.261040,0.307013
2026-27,2026,Brighton,Arsenal,2026-09-19,2026-10-02T11:37:28+00:00,reconstruido,ced0b252cafe,896cbfe998ca,1938.234644,2140.842230,1.057447,1.599984,0.250914,0.249467,0.499619
2026-27,2026,Everton,Ipswich,2026-09-19,2026-10-02T11:37:28+00:00,reconstruido,ced0b252cafe,896cbfe998ca,1871.129703,1736.808385,1.835900,0.903644,0.593318,0.225323,0.181359
2026-27,2026,Newcastle,Hull,2026-09-19,2026-10-02T11:37:28+00:00,reconstruido,ced0b252cafe,896cbfe998ca,1905.551615,1642.699522,2.265935,0.726684,0.722550,0.173650,0.103800
2026-27,2026,Nott'm Forest,Coventry,2026-09-19,2026-10-02T11:37:28+00:00,reconstruido,ced0b252cafe,896cbfe998ca,1887.314709,1732.487073,1.898590,0.872763,0.614887,0.218009,0.167104
2026-27,2026,Tottenham,Aston Villa,2026-09-19,2026-10-02T11:37:28+00:00,reconstruido,ced0b252cafe,896cbfe998ca,1807.119151,1917.892702,1.229029,1.369267,0.335542,0.263241,0.401217
2026-27,2026,Bournemouth,Liverpool,2026-09-20,2026-10-02T11:37:28+00:00,reconstruido,ced0b252cafe,896cbfe998ca,1926.940574,2022.715229,1.259586,1.334881,0.350338,0.264019,0.385643
2026-27,2026,Fulham,Man United,2026-09-20,2026-10-02T11:37:28+00:00,reconstruido,ced0b252cafe,896cbfe998ca,1850.934655,1946.672294,1.259662,1.334798,0.350375,0.264020,0.385605
2026-27,2026,Leeds,Crystal Palace,2026-09-20,2026-10-02T11:37:28+00:00,reconstruido,ced0b252cafe,896cbfe998ca,1882.714940,1847.091514,1.561942,1.068267,0.487498,0.252802,0.259700
2026-27,2026,Man City,Sunderland,2026-09-20,2026-10-02T11:37:28+00:00,reconstruido,ced0b252cafe,896cbfe998ca,2130.814312,1761.582338,2.697082,0.606745,0.813658,0.126444,0.059898
