season,season_start,home_team,away_team,match_date,logged_at_utc,source,model_version,code_commit,elo_home,elo_away,xg_f_hl4_home,xg_a_hl4_home,xg_f_hl4_away,xg_a_hl4_away,lam,mu,p_home,p_draw,p_away
2026-27,2026,Arsenal,Coventry,2026-08-21,2026-10-01T12:09:19+00:00,reconstruido,a12662418789,941873ff6f07,2127.847969,1762.569118,1.789784,0.834981,,,2.724640,0.507636,0.837166,0.116113,0.046721
2026-27,2026,Brentford,Tottenham,2026-08-22,2026-10-01T12:09:19+00:00,reconstruido,a12662418789,941873ff6f07,1902.098588,1825.207629,1.534793,1.764356,1.195856,1.038046,1.456785,1.046059,0.465636,0.262965,0.271398
2026-27,2026,Everton,Crystal Palace,2026-08-22,2026-10-01T12:09:19+00:00,reconstruido,a12662418789,941873ff6f07,1860.186953,1866.116930,1.297299,1.490299,1.423779,1.639605,1.467816,1.137120,0.447377,0.259352,0.293271
2026-27,2026,Hull,Man United,2026-08-22,2026-10-01T12:09:19+00:00,reconstruido,a12662418789,941873ff6f07,1607.262478,1965.893933,,,1.819965,1.319184,0.846139,2.092272,0.141049,0.197311,0.661640
2026-27,2026,Ipswich,Sunderland,2026-08-22,2026-10-01T12:09:19+00:00,reconstruido,a12662418789,941873ff6f07,1728.548283,1761.038142,0.878847,1.620456,1.226274,1.292851,1.217284,1.168933,0.373023,0.277464,0.349513
2026-27,2026,Nott'm Forest,Leeds,2026-08-22,2026-10-01T12:09:19+00:00,reconstruido,a12662418789,941873ff6f07,1886.266915,1857.609283,1.430443,1.701848,1.367383,1.633881,1.552924,1.150771,0.466014,0.251963,0.282022
2026-27,2026,Brighton,Aston Villa,2026-08-23,2026-10-01T12:09:19+00:00,reconstruido,a12662418789,941873ff6f07,1912.832493,1952.249681,1.612163,1.158310,1.480946,1.409013,1.378574,1.100841,0.432124,0.268155,0.299721
2026-27,2026,Man City,Bournemouth,2026-08-23,2026-10-01T12:09:19+00:00,reconstruido,a12662418789,941873ff6f07,2114.426519,1931.401596,1.902945,1.326273,1.618012,1.505325,2.131125,0.822191,0.675005,0.192327,0.132669
2026-27,2026,Newcastle,Liverpool,2026-08-23,2026-10-01T12:09:19+00:00,reconstruido,a12662418789,941873ff6f07,1910.134633,2022.767309,1.463631,1.569031,1.588712,1.514123,1.259604,1.418886,0.333994,0.258421,0.407584
2026-27,2026,Fulham,Chelsea,2026-08-24,2026-10-01T12:09:19+00:00,reconstruido,a12662418789,941873ff6f07,1874.121203,1918.333712,1.397346,1.293113,1.281878,1.466267,1.306470,1.128881,0.406294,0.272901,0.320805
2026-27,2026,Crystal Palace,Man City,2026-08-28,2026-10-01T12:09:19+00:00,reconstruido,a12662418789,941873ff6f07,1856.584754,2117.404463,1.510684,1.556934,1.956572,1.218675,1.005151,1.841555,0.203588,0.226673,0.569739
2026-27,2026,Bournemouth,Everton,2026-08-29,2026-10-01T12:09:19+00:00,reconstruido,a12662418789,941873ff6f07,1928.423653,1869.719129,1.463998,1.622215,1.269090,1.566621,1.583419,1.058971,0.495112,0.250973,0.253915
2026-27,2026,Coventry,Hull,2026-08-29,2026-10-01T12:09:19+00:00,reconstruido,a12662418789,941873ff6f07,1760.174194,1626.352659,0.210000,1.880000,1.080000,1.820000,1.628480,0.928157,0.538197,0.247292,0.214511
2026-27,2026,Liverpool,Nott'm Forest,2026-08-29,2026-10-01T12:09:19+00:00,reconstruido,a12662418789,941873ff6f07,2022.197204,1876.905721,1.814844,1.524604,1.306271,1.505857,1.871677,0.907802,0.600285,0.221756,0.177959
2026-27,2026,Tottenham,Newcastle,2026-08-29,2026-10-01T12:09:19+00:00,reconstruido,a12662418789,941873ff6f07,1815.807451,1910.704739,1.096280,1.494984,1.482146,1.798294,1.301635,1.321555,0.364084,0.262535,0.373381
2026-27,2026,Chelsea,Brighton,2026-08-30,2026-10-01T12:09:19+00:00,reconstruido,a12662418789,941873ff6f07,1926.161351,1930.505271,1.432727,1.452542,1.955482,1.021750,1.460466,1.137163,0.445459,0.259958,0.294583
2026-27,2026,Leeds,Brentford,2026-08-30,2026-10-01T12:09:19+00:00,reconstruido,a12662418789,941873ff6f07,1866.970477,1911.498766,1.224604,1.477339,1.912697,1.574330,1.486715,1.238848,0.429487,0.254502,0.316012
2026-27,2026,Man United,Ipswich,2026-08-30,2026-10-01T12:09:19+00:00,reconstruido,a12662418789,941873ff6f07,1946.803752,1735.468540,1.819971,1.281129,1.023984,1.469059,1.959539,0.737617,0.661775,0.206208,0.132016
2026-27,2026,Sunderland,Fulham,2026-08-30,2026-10-01T12:09:19+00:00,reconstruido,a12662418789,941873ff6f07,1754.117885,1866.293563,1.137666,1.372041,1.394586,1.442175,1.162757,1.283778,0.334465,0.272883,0.392652
2026-27,2026,Aston Villa,Arsenal,2026-08-31,2026-10-01T12:09:19+00:00,reconstruido,a12662418789,941873ff6f07,1934.576903,2130.242894,1.293053,1.784655,1.804138,0.735545,0.967899,1.686835,0.215965,0.241413,0.542622
2026-27,2026,Ipswich,Liverpool,2026-09-04,2026-10-01T12:09:19+00:00,reconstruido,a12662418789,941873ff6f07,1730.252582,2020.212390,1.188979,2.055282,1.802936,1.647972,0.985810,2.233543,0.153948,0.190115,0.655937
2026-27,2026,Brentford,Sunderland,2026-09-05,2026-10-01T12:09:19+00:00,reconstruido,a12662418789,941873ff6f07,1911.659183,1762.748458,1.874083,1.556139,1.279778,1.303234,1.808423,0.904285,0.586928,0.228179,0.184893
2026-27,2026,Brighton,Leeds,2026-09-05,2026-10-01T12:09:19+00:00,reconstruido,a12662418789,941873ff6f07,1924.183903,1866.810059,1.876649,1.342861,1.262057,1.507993,1.615735,0.997291,0.518017,0.248470,0.233513
2026-27,2026,Fulham,Crystal Palace,2026-09-05,2026-10-01T12:09:19+00:00,reconstruido,a12662418789,941873ff6f07,1857.662991,1849.421819,1.322260,1.535700,1.378519,1.662430,1.499199,1.125631,0.458112,0.257065,0.284823
2026-27,2026,Hull,Aston Villa,2026-09-05,2026-10-01T12:09:19+00:00,reconstruido,a12662418789,941873ff6f07,1637.640947,1929.876350,0.884443,1.537529,1.141419,1.666177,0.843203,1.792387,0.172898,0.228500,0.598602
2026-27,2026,Man City,Coventry,2026-09-05,2026-10-01T12:09:19+00:00,reconstruido,a12662418789,941873ff6f07,2124.567398,1748.885906,1.998484,1.132970,0.802103,1.249872,2.387404,0.526135,0.788974,0.147121,0.063904
2026-27,2026,Newcastle,Bournemouth,2026-09-05,2026-10-01T12:09:19+00:00,reconstruido,a12662418789,941873ff6f07,1920.809316,1927.195840,1.360886,1.691966,1.579508,1.661638,1.527428,1.230549,0.441622,0.251816,0.306562
2026-27,2026,Nott'm Forest,Tottenham,2026-09-05,2026-10-01T12:09:19+00:00,reconstruido,a12662418789,941873ff6f07,1878.890535,1805.702874,1.464377,1.543110,1.101645,1.371682,1.509494,0.987851,0.493353,0.259112,0.247535
2026-27,2026,Arsenal,Chelsea,2026-09-06,2026-10-01T12:09:19+00:00,reconstruido,a12662418789,941873ff6f07,2134.943447,1932.482719,1.682561,0.672612,1.688450,1.453729,2.163781,0.641339,0.725137,0.178489,0.096375
2026-27,2026,Everton,Man United,2026-09-06,2026-10-01T12:09:19+00:00,reconstruido,a12662418789,941873ff6f07,1870.946942,1952.019710,1.364697,1.665803,2.349790,1.405050,1.492850,1.440139,0.388677,0.246062,0.365261
2026-27,2026,Aston Villa,Nott'm Forest,2026-09-12,2026-10-01T12:09:19+00:00,reconstruido,a12662418789,941873ff6f07,1927.682295,1877.525116,1.266885,1.491772,1.379356,1.467836,1.537447,1.020819,0.492582,0.255848,0.251570
2026-27,2026,Bournemouth,Brentford,2026-09-12,2026-10-01T12:09:19+00:00,reconstruido,a12662418789,941873ff6f07,1927.763634,1909.646405,1.546174,1.508638,1.768425,1.580619,1.649105,1.138868,0.492619,0.244169,0.263211
2026-27,2026,Chelsea,Hull,2026-09-12,2026-10-01T12:09:19+00:00,reconstruido,a12662418789,941873ff6f07,1929.762834,1639.835002,1.481862,1.550189,0.761035,1.691560,2.149966,0.681504,0.712792,0.182544,0.104665
2026-27,2026,Crystal Palace,Ipswich,2026-09-12,2026-10-01T12:09:19+00:00,reconstruido,a12662418789,941873ff6f07,1858.363799,1725.536100,1.474217,1.900699,1.120670,1.837882,1.835468,1.022216,0.564245,0.227483,0.208272
2026-27,2026,Liverpool,Fulham,2026-09-12,2026-10-01T12:09:19+00:00,reconstruido,a12662418789,941873ff6f07,2024.928872,1848.721011,1.625864,1.506693,1.614651,1.606390,2.098352,0.867451,0.657685,0.197658,0.144656
2026-27,2026,Sunderland,Arsenal,2026-09-12,2026-10-01T12:09:19+00:00,reconstruido,a12662418789,941873ff6f07,1764.761236,2137.663332,1.348284,1.288388,1.742613,0.627647,0.703125,1.942246,0.126526,0.206480,0.666994
2026-27,2026,Tottenham,Everton,2026-09-12,2026-10-01T12:09:19+00:00,reconstruido,a12662418789,941873ff6f07,1807.068293,1871.180561,1.096610,1.301408,1.309855,1.510549,1.249715,1.151809,0.385679,0.276103,0.338218
2026-27,2026,Coventry,Brighton,2026-09-13,2026-10-01T12:09:19+00:00,reconstruido,a12662418789,941873ff6f07,1747.752788,1922.968929,1.024982,1.591366,1.928096,1.546058,1.176793,1.579990,0.283953,0.249190,0.466857
2026-27,2026,Man United,Man City,2026-09-13,2026-10-01T12:09:19+00:00,reconstruido,a12662418789,941873ff6f07,1951.786091,2125.700515,2.085712,1.343788,2.017818,1.170683,1.220717,1.548749,0.300319,0.250520,0.449161
2026-27,2026,Leeds,Newcastle,2026-09-14,2026-10-01T12:09:19+00:00,reconstruido,a12662418789,941873ff6f07,1868.025033,1920.241522,1.478113,1.618095,1.255736,1.640740,1.338214,1.281124,0.382006,0.262648,0.355346
2026-27,2026,Brentford,Chelsea,2026-09-18,2026-10-01T12:09:19+00:00,reconstruido,a12662418789,941873ff6f07,1910.469465,1926.898314,1.569796,1.612341,1.390877,1.524702,1.434958,1.215017,0.421423,0.259147,0.319430
2026-27,2026,Brighton,Arsenal,2026-09-19,2026-10-01T12:09:19+00:00,reconstruido,a12662418789,941873ff6f07,1938.234644,2140.842230,2.066819,1.518047,1.766063,0.814173,1.031515,1.657177,0.235731,0.244321,0.519948
2026-27,2026,Everton,Ipswich,2026-09-19,2026-10-01T12:09:19+00:00,reconstruido,a12662418789,941873ff6f07,1871.129703,1736.808385,1.279648,1.379997,1.212908,1.642387,1.770338,0.853407,0.590951,0.231147,0.177903
2026-27,2026,Newcastle,Hull,2026-09-19,2026-10-01T12:09:19+00:00,reconstruido,a12662418789,941873ff6f07,1905.551615,1642.699522,1.194364,1.709037,0.961176,1.442862,1.985568,0.736155,0.667474,0.203268,0.129258
2026-27,2026,Nott'm Forest,Coventry,2026-09-19,2026-10-01T12:09:19+00:00,reconstruido,a12662418789,941873ff6f07,1887.314709,1732.487073,1.525834,1.364763,1.134769,1.975962,1.968477,0.843171,0.637179,0.209745,0.153076
2026-27,2026,Tottenham,Aston Villa,2026-09-19,2026-10-01T12:09:19+00:00,reconstruido,a12662418789,941873ff6f07,1807.119151,1917.892702,1.031917,1.272546,1.195784,1.620364,1.150819,1.227418,0.342423,0.277859,0.379717
2026-27,2026,Bournemouth,Liverpool,2026-09-20,2026-10-01T12:09:19+00:00,reconstruido,a12662418789,941873ff6f07,1926.940574,2022.715229,1.583377,1.351342,1.572427,1.376754,1.268665,1.289285,0.361922,0.266425,0.371653
2026-27,2026,Fulham,Man United,2026-09-20,2026-10-01T12:09:19+00:00,reconstruido,a12662418789,941873ff6f07,1850.934655,1946.672294,1.467536,1.556051,1.914562,1.305000,1.324033,1.389441,0.356325,0.257276,0.386399
2026-27,2026,Leeds,Crystal Palace,2026-09-20,2026-10-01T12:09:19+00:00,reconstruido,a12662418789,941873ff6f07,1882.714940,1847.091514,1.572285,1.499069,1.336717,1.868767,1.655893,1.088181,0.506131,0.244103,0.249766
2026-27,2026,Man City,Sunderland,2026-09-20,2026-10-01T12:09:19+00:00,reconstruido,a12662418789,941873ff6f07,2130.814312,1761.582338,1.871790,1.145117,1.420203,1.384173,2.707148,0.555036,0.825490,0.121465,0.053045
