season,season_start,match_date,home_team,away_team,team,is_home,xg_f,xg_a,players,fpl_fixture,captured_at_utc
2026-27,2026,2026-08-21,Arsenal,Coventry,Arsenal,True,1.880000,0.210000,16,1,2026-10-01T12:06:09+00:00
2026-27,2026,2026-08-21,Arsenal,Coventry,Coventry,False,0.210000,1.880000,15,1,2026-10-01T12:06:09+00:00
2026-27,2026,2026-08-22,Brentford,Tottenham,Brentford,True,3.910000,0.570000,16,2,2026-10-01T12:06:09+00:00
2026-27,2026,2026-08-22,Brentford,Tottenham,Tottenham,False,0.570000,3.910000,16,2,2026-10-01T12:06:09+00:00
2026-27,2026,2026-08-22,Everton,Crystal Palace,Crystal Palace,False,1.970000,1.120000,16,3,2026-10-01T12:06:09+00:00
2026-27,2026,2026-08-22,Everton,Crystal Palace,Everton,True,1.120000,1.970000,15,3,2026-10-01T12:06:09+00:00
2026-27,2026,2026-08-22,Hull,Man United,Hull,True,1.080000,1.820000,16,4,2026-10-01T12:06:09+00:00
2026-27,2026,2026-08-22,Hull,Man United,Man United,False,1.820000,1.080000,16,4,2026-10-01T12:06:09+00:00
2026-27,2026,2026-08-22,Ipswich,Sunderland,Ipswich,True,1.790000,0.670000,16,5,2026-10-01T12:06:09+00:00
2026-27,2026,2026-08-22,Ipswich,Sunderland,Sunderland,False,0.670000,1.790000,16,5,2026-10-01T12:06:09+00:00
2026-27,2026,2026-08-22,Nott'm Forest,Leeds,Leeds,False,0.470000,0.650000,13,6,2026-10-01T12:06:09+00:00
2026-27,2026,2026-08-22,Nott'm Forest,Leeds,Nott'm Forest,True,0.650000,0.470000,15,6,2026-10-01T12:06:09+00:00
2026-27,2026,2026-08-23,Brighton,Aston Villa,Aston Villa,False,0.300000,3.770000,16,7,2026-10-01T12:06:09+00:00
2026-27,2026,2026-08-23,Brighton,Aston Villa,Brighton,True,3.770000,0.300000,16,7,2026-10-01T12:06:09+00:00
2026-27,2026,2026-08-23,Man City,Bournemouth,Bournemouth,False,0.650000,2.240000,15,8,2026-10-01T12:06:09+00:00
2026-27,2026,2026-08-23,Man City,Bournemouth,Man City,True,2.240000,0.650000,15,8,2026-10-01T12:06:09+00:00
2026-27,2026,2026-08-23,Newcastle,Liverpool,Liverpool,False,3.010000,1.580000,15,9,2026-10-01T12:06:09+00:00
2026-27,2026,2026-08-23,Newcastle,Liverpool,Newcastle,True,1.580000,3.010000,16,9,2026-10-01T12:06:09+00:00
2026-27,2026,2026-08-24,Fulham,Chelsea,Chelsea,False,2.230000,1.380000,16,10,2026-10-01T12:06:09+00:00
2026-27,2026,2026-08-24,Fulham,Chelsea,Fulham,True,1.380000,2.230000,15,10,2026-10-01T12:06:09+00:00
2026-27,2026,2026-08-28,Crystal Palace,Man City,Crystal Palace,True,0.680000,2.220000,16,11,2026-10-01T12:06:09+00:00
2026-27,2026,2026-08-28,Crystal Palace,Man City,Man City,False,2.220000,0.680000,16,11,2026-10-01T12:06:09+00:00
2026-27,2026,2026-08-29,Bournemouth,Everton,Bournemouth,True,2.190000,1.870000,15,12,2026-10-01T12:06:09+00:00
2026-27,2026,2026-08-29,Bournemouth,Everton,Everton,False,1.870000,2.190000,16,12,2026-10-01T12:06:09+00:00
2026-27,2026,2026-08-29,Coventry,Hull,Coventry,True,1.300000,0.720000,16,13,2026-10-01T12:06:09+00:00
2026-27,2026,2026-08-29,Coventry,Hull,Hull,False,0.720000,1.300000,16,13,2026-10-01T12:06:09+00:00
2026-27,2026,2026-08-29,Liverpool,Nott'm Forest,Liverpool,True,1.740000,2.300000,16,14,2026-10-01T12:06:09+00:00
2026-27,2026,2026-08-29,Liverpool,Nott'm Forest,Nott'm Forest,False,2.300000,1.740000,15,14,2026-10-01T12:06:09+00:00
2026-27,2026,2026-08-29,Tottenham,Newcastle,Newcastle,False,0.720000,1.130000,16,15,2026-10-01T12:06:09+00:00
2026-27,2026,2026-08-29,Tottenham,Newcastle,Tottenham,True,1.130000,0.720000,15,15,2026-10-01T12:06:09+00:00
2026-27,2026,2026-08-30,Chelsea,Brighton,Brighton,False,1.460000,3.040000,14,16,2026-10-01T12:06:09+00:00
2026-27,2026,2026-08-30,Chelsea,Brighton,Chelsea,True,3.040000,1.460000,16,16,2026-10-01T12:06:09+00:00
2026-27,2026,2026-08-30,Leeds,Brentford,Brentford,False,1.670000,1.460000,16,17,2026-10-01T12:06:09+00:00
2026-27,2026,2026-08-30,Leeds,Brentford,Leeds,True,1.460000,1.670000,16,17,2026-10-01T12:06:09+00:00
2026-27,2026,2026-08-30,Man United,Ipswich,Ipswich,False,2.060000,5.150000,16,18,2026-10-01T12:06:09+00:00
2026-27,2026,2026-08-30,Man United,Ipswich,Man United,True,5.150000,2.060000,16,18,2026-10-01T12:06:09+00:00
2026-27,2026,2026-08-30,Sunderland,Fulham,Fulham,False,0.940000,2.030000,15,19,2026-10-01T12:06:09+00:00
2026-27,2026,2026-08-30,Sunderland,Fulham,Sunderland,True,2.030000,0.940000,15,19,2026-10-01T12:06:09+00:00
2026-27,2026,2026-08-31,Aston Villa,Arsenal,Arsenal,False,1.040000,0.340000,16,20,2026-10-01T12:06:09+00:00
2026-27,2026,2026-08-31,Aston Villa,Arsenal,Aston Villa,True,0.340000,1.040000,15,20,2026-10-01T12:06:09+00:00
2026-27,2026,2026-09-04,Ipswich,Liverpool,Ipswich,True,0.760000,0.690000,15,21,2026-10-01T12:06:09+00:00
2026-27,2026,2026-09-04,Ipswich,Liverpool,Liverpool,False,0.690000,0.760000,15,21,2026-10-01T12:06:09+00:00
2026-27,2026,2026-09-05,Brentford,Sunderland,Brentford,True,1.210000,1.710000,16,22,2026-10-01T12:06:09+00:00
2026-27,2026,2026-09-05,Brentford,Sunderland,Sunderland,False,1.710000,1.210000,14,22,2026-10-01T12:06:09+00:00
2026-27,2026,2026-09-05,Brighton,Leeds,Brighton,True,2.200000,2.620000,14,23,2026-10-01T12:06:09+00:00
2026-27,2026,2026-09-05,Brighton,Leeds,Leeds,False,2.620000,2.200000,15,23,2026-10-01T12:06:09+00:00
2026-27,2026,2026-09-05,Fulham,Crystal Palace,Crystal Palace,False,1.980000,3.160000,16,24,2026-10-01T12:06:09+00:00
2026-27,2026,2026-09-05,Fulham,Crystal Palace,Fulham,True,3.160000,1.980000,16,24,2026-10-01T12:06:09+00:00
2026-27,2026,2026-09-05,Hull,Aston Villa,Aston Villa,False,1.930000,0.570000,16,25,2026-10-01T12:06:09+00:00
2026-27,2026,2026-09-05,Hull,Aston Villa,Hull,True,0.570000,1.930000,16,25,2026-10-01T12:06:09+00:00
2026-27,2026,2026-09-05,Man City,Coventry,Coventry,False,1.370000,2.120000,16,26,2026-10-01T12:06:09+00:00
2026-27,2026,2026-09-05,Man City,Coventry,Man City,True,2.120000,1.370000,14,26,2026-10-01T12:06:09+00:00
2026-27,2026,2026-09-05,Newcastle,Bournemouth,Bournemouth,False,1.370000,0.700000,16,27,2026-10-01T12:06:09+00:00
2026-27,2026,2026-09-05,Newcastle,Bournemouth,Newcastle,True,0.700000,1.370000,16,27,2026-10-01T12:06:09+00:00
2026-27,2026,2026-09-05,Nott'm Forest,Tottenham,Nott'm Forest,True,0.930000,1.070000,15,28,2026-10-01T12:06:09+00:00
2026-27,2026,2026-09-05,Nott'm Forest,Tottenham,Tottenham,False,1.070000,0.930000,16,28,2026-10-01T12:06:09+00:00
2026-27,2026,2026-09-06,Arsenal,Chelsea,Arsenal,True,2.060000,0.390000,16,29,2026-10-01T12:06:09+00:00
2026-27,2026,2026-09-06,Arsenal,Chelsea,Chelsea,False,0.390000,2.060000,15,29,2026-10-01T12:06:09+00:00
2026-27,2026,2026-09-06,Everton,Man United,Everton,True,1.020000,0.690000,14,30,2026-10-01T12:06:09+00:00
2026-27,2026,2026-09-06,Everton,Man United,Man United,False,0.690000,1.020000,16,30,2026-10-01T12:06:09+00:00
2026-27,2026,2026-09-12,Aston Villa,Nott'm Forest,Aston Villa,True,0.820000,2.300000,16,31,2026-10-01T12:06:09+00:00
2026-27,2026,2026-09-12,Aston Villa,Nott'm Forest,Nott'm Forest,False,2.300000,0.820000,14,31,2026-10-01T12:06:09+00:00
2026-27,2026,2026-09-12,Bournemouth,Brentford,Bournemouth,True,1.780000,0.520000,16,32,2026-10-01T12:06:09+00:00
2026-27,2026,2026-09-12,Bournemouth,Brentford,Brentford,False,0.520000,1.780000,15,32,2026-10-01T12:06:09+00:00
2026-27,2026,2026-09-12,Chelsea,Hull,Chelsea,True,0.910000,1.390000,16,33,2026-10-01T12:06:09+00:00
2026-27,2026,2026-09-12,Chelsea,Hull,Hull,False,1.390000,0.910000,17,33,2026-10-01T12:06:09+00:00
2026-27,2026,2026-09-12,Crystal Palace,Ipswich,Crystal Palace,True,0.610000,1.700000,16,34,2026-10-01T12:06:09+00:00
2026-27,2026,2026-09-12,Crystal Palace,Ipswich,Ipswich,False,1.700000,0.610000,16,34,2026-10-01T12:06:09+00:00
2026-27,2026,2026-09-12,Liverpool,Fulham,Fulham,False,0.690000,1.290000,16,35,2026-10-01T12:06:09+00:00
2026-27,2026,2026-09-12,Liverpool,Fulham,Liverpool,True,1.290000,0.690000,16,35,2026-10-01T12:06:09+00:00
2026-27,2026,2026-09-12,Sunderland,Arsenal,Arsenal,False,1.890000,1.800000,16,36,2026-10-01T12:06:09+00:00
2026-27,2026,2026-09-12,Sunderland,Arsenal,Sunderland,True,1.800000,1.890000,13,36,2026-10-01T12:06:09+00:00
2026-27,2026,2026-09-12,Tottenham,Everton,Everton,False,1.120000,0.690000,14,37,2026-10-01T12:06:09+00:00
2026-27,2026,2026-09-12,Tottenham,Everton,Tottenham,True,0.690000,1.120000,16,37,2026-10-01T12:06:09+00:00
2026-27,2026,2026-09-13,Coventry,Brighton,Brighton,False,2.800000,1.370000,16,38,2026-10-01T12:06:09+00:00
2026-27,2026,2026-09-13,Coventry,Brighton,Coventry,True,1.370000,2.800000,15,38,2026-10-01T12:06:09+00:00
2026-27,2026,2026-09-13,Man United,Man City,Man City,False,1.100000,1.010000,13,39,2026-10-01T12:06:09+00:00
2026-27,2026,2026-09-13,Man United,Man City,Man United,True,1.010000,1.100000,13,39,2026-10-01T12:06:09+00:00
2026-27,2026,2026-09-14,Leeds,Newcastle,Leeds,True,2.070000,0.870000,17,40,2026-10-01T12:06:09+00:00
2026-27,2026,2026-09-14,Leeds,Newcastle,Newcastle,False,0.870000,2.070000,16,40,2026-10-01T12:06:09+00:00
2026-27,2026,2026-09-18,Brentford,Chelsea,Brentford,True,2.900000,0.850000,16,41,2026-10-01T12:06:09+00:00
2026-27,2026,2026-09-18,Brentford,Chelsea,Chelsea,False,0.850000,2.900000,15,41,2026-10-01T12:06:09+00:00
2026-27,2026,2026-09-19,Brighton,Arsenal,Arsenal,False,1.640000,1.320000,16,42,2026-10-01T12:06:09+00:00
2026-27,2026,2026-09-19,Brighton,Arsenal,Brighton,True,1.320000,1.640000,16,42,2026-10-01T12:06:09+00:00
2026-27,2026,2026-09-19,Everton,Ipswich,Everton,True,2.240000,1.440000,15,43,2026-10-01T12:06:09+00:00
2026-27,2026,2026-09-19,Everton,Ipswich,Ipswich,False,1.440000,2.240000,16,43,2026-10-01T12:06:09+00:00
2026-27,2026,2026-09-19,Newcastle,Hull,Hull,False,1.590000,1.440000,16,46,2026-10-01T12:06:09+00:00
2026-27,2026,2026-09-19,Newcastle,Hull,Newcastle,True,1.440000,1.590000,14,46,2026-10-01T12:06:09+00:00
2026-27,2026,2026-09-19,Nott'm Forest,Coventry,Coventry,False,0.680000,1.100000,14,47,2026-10-01T12:06:09+00:00
2026-27,2026,2026-09-19,Nott'm Forest,Coventry,Nott'm Forest,True,1.100000,0.680000,15,47,2026-10-01T12:06:09+00:00
2026-27,2026,2026-09-19,Tottenham,Aston Villa,Aston Villa,False,1.170000,1.560000,16,48,2026-10-01T12:06:09+00:00
2026-27,2026,2026-09-19,Tottenham,Aston Villa,Tottenham,True,1.560000,1.170000,16,48,2026-10-01T12:06:09+00:00
2026-27,2026,2026-09-20,Bournemouth,Liverpool,Bournemouth,True,0.800000,1.650000,16,49,2026-10-01T12:06:09+00:00
2026-27,2026,2026-09-20,Bournemouth,Liverpool,Liverpool,False,1.650000,0.800000,15,49,2026-10-01T12:06:09+00:00
2026-27,2026,2026-09-20,Fulham,Man United,Fulham,True,1.630000,1.600000,16,50,2026-10-01T12:06:09+00:00
2026-27,2026,2026-09-20,Fulham,Man United,Man United,False,1.600000,1.630000,14,50,2026-10-01T12:06:09+00:00
2026-27,2026,2026-09-20,Leeds,Crystal Palace,Crystal Palace,False,1.070000,1.320000,14,44,2026-10-01T12:06:09+00:00
2026-27,2026,2026-09-20,Leeds,Crystal Palace,Leeds,True,1.320000,1.070000,15,44,2026-10-01T12:06:09+00:00
2026-27,2026,2026-09-20,Man City,Sunderland,Man City,True,2.810000,3.620000,13,45,2026-10-01T12:06:09+00:00
2026-27,2026,2026-09-20,Man City,Sunderland,Sunderland,False,3.620000,2.810000,14,45,2026-10-01T12:06:09+00:00
